1amq,A,1qir,A,396,396,396,396,C191Y,CYS,TYR,191,False,2.3
1amq,A,1qis,A,396,396,396,396,C191F,CYS,PHE,191,False,1.6
1amq,A,1qit,A,396,396,396,396,C191W,CYS,TRP,191,False,3.9
1amq,A,5eaa,A,396,396,396,396,C191S,CYS,SER,191,False,1.9
1bni,A,1brg,A,108,108,110,108,F7L,PHE,LEU,7,False,4.1
1bni,A,1brh,A,108,108,110,110,L14A,LEU,ALA,14,False,4.5
1bni,A,1bns,A,108,108,110,110,T26A,THR,ALA,26,False,1.7
1bni,A,1bsa,A,108,107,110,110,I51V,ILE,VAL,51,False,1.1
1bni,A,1bri,A,108,108,110,110,I76A,ILE,ALA,76,False,1.7
1bni,A,1bsb,A,108,108,110,110,I76V,ILE,VAL,76,False,1.0
1bni,A,1bao,A,108,108,110,110,Y78F,TYR,PHE,78,False,1.1
1bni,A,1brj,A,108,108,110,110,I88A,ILE,ALA,88,False,4.0
1bni,A,1bsc,A,108,108,110,110,I88V,ILE,VAL,88,False,1.6
1bni,A,1bse,A,108,108,110,110,L89V,LEU,VAL,89,False,0.5
1bni,A,1ban,A,108,108,110,110,S91A,SER,ALA,91,False,2.4
1bni,A,1brk,A,108,108,110,110,I96A,ILE,ALA,96,False,3.2
1bni,A,1bsd,A,108,107,110,110,I96V,ILE,VAL,96,False,3.1
1cey,A,1e6k,A,128,130,128,130,D12A,ASP,ALA,12,True,-2.5
1cey,A,1e6l,A,128,127,128,127,D13A,ASP,ALA,13,True,-2.7
1cey,A,1e6m,A,128,128,128,128,D57A,ASP,ALA,57,True,-3.3
1ey0,A,2exz,A,136,135,149,149,T22C,THR,CYS,22,False,0.9
1ey0,A,2ey1,A,136,136,149,149,T22V,THR,VAL,22,False,0.9
1ey0,A,2f0e,A,136,135,149,149,V23L,VAL,LEU,23,False,0.1
1ey0,A,2f0f,A,136,136,149,149,L25I,LEU,ILE,25,False,1.7
1ey0,A,1ey5,A,136,135,149,149,T33V,THR,VAL,33,True,-0.4
1ey0,A,2ey2,A,136,136,149,149,T41C,THR,CYS,41,True,-0.6
1ey0,A,1ey6,A,136,135,149,149,T41I,THR,ILE,41,True,-0.7
1ey0,A,2ey5,A,136,135,149,149,T41S,THR,SER,41,False,1.1
1ey0,A,2ey6,A,136,135,149,149,T41V,THR,VAL,41,True,-0.8
1ey0,A,2eyf,A,136,135,149,149,T44V,THR,VAL,44,True,-0.1
1ey0,A,1ey4,A,136,136,149,149,S59A,SER,ALA,59,True,-0.5
1ey0,A,2eyh,A,136,135,149,149,T62S,THR,SER,62,False,2.1
1ey0,A,2eyj,A,136,136,149,149,T62V,THR,VAL,62,False,0.2
1ey0,A,2f0g,A,136,135,149,149,V66I,VAL,ILE,66,False,1.0
1ey0,A,2f0h,A,136,135,149,149,V66L,VAL,LEU,66,False,0.3
1ey0,A,2snm,A,136,135,149,149,V66K,VAL,LYS,66,False,7.5
1ey0,A,2f0i,A,136,136,149,149,I72L,ILE,LEU,72,False,0.2
1ey0,A,2f0j,A,136,135,149,149,I72V,ILE,VAL,72,False,1.2
1ey0,A,2eyl,A,136,136,149,149,T82S,THR,SER,82,False,0.7
1ey0,A,2f0d,A,136,136,149,149,I92V,ILE,VAL,92,False,0.4
1ey0,A,1kab,A,136,136,149,136,K116G,LYS,GLY,116,True,-1.0
1ey0,A,1syg,A,136,136,149,149,P117A,PRO,ALA,117,True,-0.8
1ey0,A,1syc,A,136,136,149,149,P117G,PRO,GLY,117,True,-0.9
1ey0,A,1sye,A,136,136,149,149,P117T,PRO,THR,117,True,-1.1
1ey0,A,2eym,A,136,135,149,149,T120C,THR,CYS,120,False,1.7
1ey0,A,2eyo,A,136,135,149,149,T120S,THR,SER,120,False,0.6
1ey0,A,2eyp,A,136,136,149,149,T120V,THR,VAL,120,False,1.8
1ey0,A,1ey7,A,136,135,149,149,S128A,SER,ALA,128,True,-0.7
1ihb,A,1mx2,A,156,156,162,168,F71N,PHE,ASN,71,True,-0.7
1ihb,A,1mx4,A,156,156,162,168,F82Q,PHE,GLN,82,False,0.4
1ihb,A,1mx6,A,156,156,162,168,F92N,PHE,ASN,92,False,1.1
1iob,A,1hib,A,153,150,153,153,T9G,THR,GLY,9,False,2.6
1l63,A,245l,A,162,164,164,164,M6A,MET,ALA,6,False,1.9
1l63,A,230l,A,162,164,164,164,M6L,MET,LEU,6,False,2.8
1l63,A,1qt6,A,162,164,164,164,E11H,GLU,HIS,11,True,-0.1
1l63,A,1qt7,A,162,164,164,164,E11N,GLU,ASN,11,False,0.1
1l63,A,239l,A,162,162,164,164,I17A,ILE,ALA,17,False,2.7
1l63,A,253l,A,162,164,164,164,D20A,ASP,ALA,20,False,0.3
1l63,A,255l,A,162,164,164,164,D20N,ASP,ASN,20,True,-1.3
1l63,A,254l,A,162,164,164,164,D20S,ASP,SER,20,True,-0.7
1l63,A,240l,A,162,162,164,164,I27A,ILE,ALA,27,False,3.1
1l63,A,1d2w,A,162,162,164,164,I27M,ILE,MET,27,False,3.1
1l63,A,241l,A,162,162,164,164,I29A,ILE,ALA,29,False,2.6
1l63,A,1l61,A,162,162,164,164,S38N,SER,ASN,38,False,0.0
1l63,A,120l,A,162,162,164,164,A41S,ALA,SER,41,False,0.6
1l63,A,1qtb,A,162,162,164,162,A42V,ALA,VAL,42,False,2.7
1l63,A,206l,A,162,162,164,164,A42S,ALA,SER,42,False,2.3
1l63,A,1l66,A,162,162,164,164,K43A,LYS,ALA,43,False,1.0
1l63,A,1l68,A,162,162,164,164,S44A,SER,ALA,44,True,-0.3
1l63,A,108l,A,162,162,164,164,S44I,SER,ILE,44,True,-0.3
1l63,A,110l,A,162,162,164,164,S44L,SER,LEU,44,True,-0.4
1l63,A,109l,A,162,162,164,164,S44K,SER,LYS,44,True,-0.2
1l63,A,217l,A,162,162,164,164,S44E,SER,GLU,44,False,0.0
1l63,A,107l,A,162,162,164,164,S44G,SER,GLY,44,False,0.5
1l63,A,113l,A,162,162,164,164,S44R,SER,ARG,44,True,-0.2
1l63,A,111l,A,162,162,164,164,S44N,SER,ASN,44,False,0.1
1l63,A,137l,A,162,162,164,164,S44F,SER,PHE,44,True,-0.1
1l63,A,112l,A,162,162,164,164,S44P,SER,PRO,44,False,3.0
1l63,A,114l,A,162,162,164,164,S44T,SER,THR,44,False,0.0
1l63,A,115l,A,162,162,164,164,S44V,SER,VAL,44,True,-0.1
1l63,A,1l67,A,162,162,164,164,L46A,LEU,ALA,46,False,1.9
1l63,A,1l65,A,162,162,164,164,D47A,ASP,ALA,47,False,1.0
1l63,A,221l,A,162,162,164,164,A49S,ALA,SER,49,False,0.5
1l63,A,242l,A,162,164,164,164,I50A,ILE,ALA,50,False,2.0
1l63,A,1d2y,A,162,162,164,164,I50M,ILE,MET,50,False,0.4
1l63,A,243l,A,162,162,164,164,I58A,ILE,ALA,58,False,3.2
1l63,A,1g1v,A,162,162,164,164,I58T,ILE,THR,58,False,3.4
1l63,A,1lyj,A,162,162,164,164,T59A,THR,ALA,59,False,1.5
1l63,A,1lyi,A,162,162,164,164,T59D,THR,ASP,59,False,1.2
1l63,A,1lyh,A,162,162,164,164,T59G,THR,GLY,59,False,1.6
1l63,A,1lyg,A,162,162,164,164,T59N,THR,ASN,59,False,1.1
1l63,A,1lyf,A,162,162,164,164,T59S,THR,SER,59,False,0.2
1l63,A,1lye,A,162,162,164,164,T59V,THR,VAL,59,False,1.5
1l63,A,1d3j,A,162,162,164,164,L66M,LEU,MET,66,False,1.0
1l63,A,246l,A,162,164,164,164,F67A,PHE,ALA,67,False,1.9
1l63,A,1l76,A,162,162,164,164,D72P,ASP,PRO,72,False,2.7
1l63,A,122l,A,162,162,164,164,A73S,ALA,SER,73,False,0.4
1l63,A,127l,A,162,162,164,164,V75T,VAL,THR,75,False,1.3
1l63,A,1ctw,A,162,162,164,164,I78A,ILE,ALA,78,False,1.2
1l63,A,1cu0,A,162,162,164,164,I78M,ILE,MET,78,False,1.5
1l63,A,1p2r,A,162,164,164,164,I78V,ILE,VAL,78,False,0.8
1l63,A,123l,A,162,162,164,164,A82S,ALA,SER,82,False,0.3
1l63,A,247l,A,162,164,164,164,L84A,LEU,ALA,84,False,2.6
1l63,A,1cu2,A,162,162,164,164,L84M,LEU,MET,84,False,1.9
1l63,A,236l,A,162,162,164,164,V87A,VAL,ALA,87,False,1.7
1l63,A,1cu3,A,162,162,164,164,V87M,VAL,MET,87,False,2.3
1l63,A,1p2l,A,162,164,164,164,V87I,VAL,ILE,87,False,0.3
1l63,A,128l,A,162,162,164,164,V87T,VAL,THR,87,False,1.6
1l63,A,1cu6,A,162,162,164,164,L91A,LEU,ALA,91,False,3.9
1l63,A,1cu5,A,162,162,164,164,L91M,LEU,MET,91,False,0.8
1l63,A,1l55,A,162,162,164,164,D92N,ASP,ASN,92,False,1.4
1l63,A,224l,A,162,162,164,164,A93S,ALA,SER,93,False,0.2
1l63,A,1qsb,A,162,162,164,162,A98C,ALA,CYS,98,False,1.0
1l63,A,1qs5,A,162,162,164,162,A98L,ALA,LEU,98,False,4.3
1l63,A,125l,A,162,162,164,164,A98S,ALA,SER,98,False,2.5
1l63,A,1qs9,A,162,162,164,162,A98V,ALA,VAL,98,False,3.2
1l63,A,1l90,A,162,162,164,164,L99A,LEU,ALA,99,False,4.5
1l63,A,1l91,A,162,162,164,164,L99F,LEU,PHE,99,False,0.3
1l63,A,1l92,A,162,162,164,164,L99I,LEU,ILE,99,False,1.5
1l63,A,1l93,A,162,162,164,164,L99M,LEU,MET,99,False,0.6
1l63,A,1l94,A,162,162,164,164,L99V,LEU,VAL,99,False,2.0
1l63,A,244l,A,162,162,164,164,I100A,ILE,ALA,100,False,3.4
1l63,A,1cup,A,162,162,164,164,I100M,ILE,MET,100,False,1.6
1l63,A,1p36,A,162,164,164,164,I100V,ILE,VAL,100,False,0.4
1l63,A,1i6s,A,162,162,164,164,N101A,ASN,ALA,101,False,1.5
1l63,A,1l77,A,162,162,164,164,M102L,MET,LEU,102,False,1.0
1l63,A,238l,A,162,162,164,164,V103A,VAL,ALA,103,False,2.2
1l63,A,1p7s,A,162,164,164,164,V103I,VAL,ILE,103,False,0.5
1l63,A,1cuq,A,162,162,164,164,V103M,VAL,MET,103,False,1.2
1l63,A,1cv0,A,162,162,164,164,F104M,PHE,MET,104,False,0.4
1l63,A,1g1w,A,162,162,164,164,Q105M,GLN,MET,105,False,1.2
1l63,A,1p46,A,162,164,164,164,M106I,MET,ILE,106,True,-0.2
1l63,A,234l,A,162,162,164,164,M106L,MET,LEU,106,True,-0.5
1l63,A,231l,A,162,162,164,164,M106K,MET,LYS,106,False,3.4
1l63,A,1l62,A,162,162,164,164,T109D,THR,ASP,109,True,-0.6
1l63,A,1l59,A,162,162,164,164,T109N,THR,ASN,109,True,-0.1
1l63,A,235l,A,162,162,164,164,V111A,VAL,ALA,111,False,1.3
1l63,A,2l78,A,162,162,164,164,V111I,VAL,ILE,111,False,0.9
1l63,A,1cv1,A,162,162,164,164,V111M,VAL,MET,111,False,0.7
1l63,A,1tla,A,162,162,164,164,S117F,SER,PHE,117,True,-1.1
1l63,A,1cvk,A,162,162,164,164,L118A,LEU,ALA,118,False,3.2
1l63,A,1cv4,A,162,162,164,164,L118M,LEU,MET,118,False,0.7
1l63,A,233l,A,162,162,164,164,M120L,MET,LEU,120,True,-0.5
1l63,A,232l,A,162,162,164,164,M120K,MET,LYS,120,False,1.6
1l63,A,1p6y,A,162,164,164,164,M120Y,MET,TYR,120,False,0.1
1l63,A,1cv3,A,162,162,164,164,L121M,LEU,MET,121,False,0.8
1l63,A,1qtc,A,162,162,164,162,A129F,ALA,PHE,129,False,1.2
1l63,A,1qtd,A,162,162,164,162,A129W,ALA,TRP,129,False,2.2
1l63,A,118l,A,162,162,164,164,A130S,ALA,SER,130,True,-1.0
1l63,A,1p64,A,162,164,164,164,L133F,LEU,PHE,133,False,0.3
1l63,A,1cv5,A,162,162,164,164,L133M,LEU,MET,133,False,0.4
1l63,A,119l,A,162,162,164,164,A134S,ALA,SER,134,False,0.1
1l63,A,1l39,A,162,164,164,164,N144E,ASN,GLU,144,True,-0.5
1l63,A,237l,A,162,164,164,164,V149A,VAL,ALA,149,False,3.2
1l63,A,1g07,A,162,162,164,164,V149C,VAL,CYS,149,False,2.0
1l63,A,1g0p,A,162,164,164,164,V149G,VAL,GLY,149,False,4.9
1l63,A,1g0q,A,162,164,164,164,V149I,VAL,ILE,149,False,0.1
1l63,A,1cv6,A,162,162,164,164,V149M,VAL,MET,149,False,2.8
1l63,A,126l,A,162,162,164,164,V149T,VAL,THR,149,False,2.8
1l63,A,1g06,A,162,164,164,164,V149S,VAL,SER,149,False,4.4
1l63,A,1g0g,A,162,162,164,164,T152A,THR,ALA,152,False,1.5
1l63,A,1g0k,A,162,164,164,164,T152C,THR,CYS,152,False,0.5
1l63,A,1g0m,A,162,162,164,164,T152I,THR,ILE,152,False,0.4
1l63,A,1g0j,A,162,164,164,164,T152S,THR,SER,152,False,2.0
1l63,A,1g0l,A,162,164,164,164,T152V,THR,VAL,152,True,-0.2
1l63,A,1l85,A,162,162,164,164,F153A,PHE,ALA,153,False,3.8
1l63,A,1l86,A,162,162,164,164,F153I,PHE,ILE,153,False,0.2
1l63,A,1l87,A,162,162,164,164,F153L,PHE,LEU,153,True,-0.3
1l63,A,1l88,A,162,162,164,164,F153M,PHE,MET,153,False,0.6
1l63,A,1l95,A,162,162,164,164,F153V,PHE,VAL,153,False,1.8
1lz1,A,1oug,A,130,130,130,130,V2A,VAL,ALA,2,False,1.5
1lz1,A,1gay,A,130,130,130,130,V2G,VAL,GLY,2,False,1.3
1lz1,A,1gf8,A,130,130,130,130,V2S,VAL,SER,2,False,1.4
1lz1,A,1gf9,A,130,130,130,130,V2Y,VAL,TYR,2,False,0.4
1lz1,A,1gfa,A,130,130,130,130,V2D,VAL,ASP,2,False,1.4
1lz1,A,1gfe,A,130,130,130,130,V2N,VAL,ASN,2,False,1.3
1lz1,A,1gfg,A,130,130,130,130,V2R,VAL,ARG,2,False,0.4
1lz1,A,1gb0,A,130,130,130,130,V2L,VAL,LEU,2,True,-0.3
1lz1,A,1gb2,A,130,130,130,130,V2M,VAL,MET,2,False,0.2
1lz1,A,1gb3,A,130,130,130,130,V2F,VAL,PHE,2,False,0.8
1lz1,A,1wqn,A,130,130,130,130,Y20F,TYR,PHE,20,False,0.5
1lz1,A,2heb,A,130,130,130,130,I23A,ILE,ALA,23,False,2.5
1lz1,A,1yan,A,130,130,130,130,I23V,ILE,VAL,23,False,0.4
1lz1,A,1wqo,A,130,130,130,130,Y38F,TYR,PHE,38,False,0.2
1lz1,A,1wqp,A,130,130,130,130,Y45F,TYR,PHE,45,True,-0.1
1lz1,A,1lhl,A,130,130,130,130,A47P,ALA,PRO,47,True,-0.1
1lz1,A,1wqq,A,130,130,130,130,Y54F,TYR,PHE,54,False,1.0
1lz1,A,2hec,A,130,130,130,130,I56A,ILE,ALA,56,False,3.7
1lz1,A,1oua,A,130,130,130,130,I56T,ILE,THR,56,False,4.3
1lz1,A,1yao,A,130,130,130,130,I56V,ILE,VAL,56,False,1.2
1lz1,A,2hed,A,130,130,130,130,I59A,ILE,ALA,59,False,1.7
1lz1,A,2hee,A,130,130,130,130,I59G,ILE,GLY,59,False,3.8
1lz1,A,1yap,A,130,130,130,130,I59V,ILE,VAL,59,False,1.1
1lz1,A,1wqr,A,130,130,130,130,Y63F,TYR,PHE,63,False,0.2
1lz1,A,1lhi,A,130,130,130,130,P71G,PRO,GLY,71,False,1.6
1lz1,A,1ouh,A,130,130,130,130,V74A,VAL,ALA,74,False,0.4
1lz1,A,1gb5,A,130,130,130,130,V74G,VAL,GLY,74,False,0.1
1lz1,A,1gb6,A,130,130,130,130,V74I,VAL,ILE,74,False,1.9
1lz1,A,1gb7,A,130,130,130,130,V74L,VAL,LEU,74,False,0.4
1lz1,A,1gb8,A,130,130,130,130,V74M,VAL,MET,74,False,0.4
1lz1,A,1gb9,A,130,130,130,130,V74F,VAL,PHE,74,False,0.0
1lz1,A,1gfh,A,130,130,130,130,V74Y,VAL,TYR,74,False,0.3
1lz1,A,1gfj,A,130,130,130,130,V74D,VAL,ASP,74,False,0.4
1lz1,A,1gfk,A,130,130,130,130,V74N,VAL,ASN,74,False,0.3
1lz1,A,1gfr,A,130,130,130,130,V74R,VAL,ARG,74,False,0.1
1lz1,A,1b7s,A,130,130,130,130,V74S,VAL,SER,74,False,0.4
1lz1,A,1hnl,A,130,130,130,130,C77A,CYS,ALA,77,False,4.6
1lz1,A,2hef,A,130,130,130,130,I89A,ILE,ALA,89,False,2.7
1lz1,A,1yaq,A,130,130,130,130,I89V,ILE,VAL,89,False,0.5
1lz1,A,1lhk,A,130,130,130,130,D91P,ASP,PRO,91,False,0.4
1lz1,A,1oui,A,130,130,130,130,V93A,VAL,ALA,93,False,0.7
1lz1,A,1ouj,A,130,130,130,130,V99A,VAL,ALA,99,False,1.0
1lz1,A,1oub,A,130,130,130,130,V100A,VAL,ALA,100,False,0.3
1lz1,A,1lhj,A,130,130,130,130,P103G,PRO,GLY,103,False,0.1
1lz1,A,2hea,A,130,130,130,130,I106A,ILE,ALA,106,False,0.9
1lz1,A,1yam,A,130,130,130,130,I106V,ILE,VAL,106,False,0.7
1lz1,A,1ouc,A,130,130,130,130,V110A,VAL,ALA,110,True,-0.5
1lz1,A,1gfu,A,130,130,130,130,V110D,VAL,ASP,110,True,-0.2
1lz1,A,1gbo,A,130,130,130,130,V110G,VAL,GLY,110,False,2.2
1lz1,A,1gbw,A,130,130,130,130,V110I,VAL,ILE,110,False,0.8
1lz1,A,1gbx,A,130,130,130,130,V110L,VAL,LEU,110,True,-0.1
1lz1,A,1gby,A,130,130,130,130,V110M,VAL,MET,110,True,-0.4
1lz1,A,1gfv,A,130,130,130,130,V110N,VAL,ASN,110,True,-0.1
1lz1,A,1inu,A,130,130,130,130,V110R,VAL,ARG,110,True,-0.9
1lz1,A,1gbz,A,130,130,130,130,V110F,VAL,PHE,110,False,1.9
1lz1,A,1lhh,A,130,130,130,130,V110P,VAL,PRO,110,True,-0.5
1lz1,A,1gft,A,130,130,130,130,V110Y,VAL,TYR,110,False,0.1
1lz1,A,1oud,A,130,130,130,130,V121A,VAL,ALA,121,False,1.4
1lz1,A,1wqm,A,130,130,130,130,Y124F,TYR,PHE,124,False,0.4
1lz1,A,1oue,A,130,130,130,130,V125A,VAL,ALA,125,False,1.3
1lz1,A,1ouf,A,130,130,130,130,V130A,VAL,ALA,130,False,0.8
1oh0,A,1dmq,A,125,123,131,131,Y32F,TYR,PHE,32,True,-0.2
1oh0,A,1dmm,A,125,123,131,131,Y57F,TYR,PHE,57,False,1.2
1rn1,C,1rgc,A,104,104,104,104,Q25K,GLN,LYS,25,True,-1.4
1vqb,A,1vqg,A,86,86,87,87,I47L,ILE,LEU,47,False,0.4
1vqb,A,1vqh,A,86,86,87,87,I47M,ILE,MET,47,False,1.7
1vqb,A,1vqi,A,86,86,87,87,I47V,ILE,VAL,47,False,2.0
1vqb,A,1vqj,A,86,86,87,87,V35I,VAL,ILE,35,False,0.6
1vqb,A,1yhb,A,86,87,87,87,Y41F,TYR,PHE,41,False,3.2
2lzm,A,149l,A,164,164,164,164,I3L,ILE,LEU,3,True,-0.7
2lzm,A,172l,A,164,164,164,164,I3C,ILE,CYS,3,False,0.0
2lzm,A,1l96,A,164,162,164,164,I3P,ILE,PRO,3,False,3.0
2lzm,A,1l18,A,164,164,164,164,I3Y,ILE,TYR,3,False,2.3
2lzm,A,1l17,A,164,164,164,164,I3V,ILE,VAL,3,False,0.4
2lzm,A,150l,A,164,164,164,164,M6I,MET,ILE,6,False,1.4
2lzm,A,1l42,A,164,164,164,164,K16E,LYS,GLU,16,True,-0.5
2lzm,A,1l19,A,164,164,164,164,S38D,SER,ASP,38,True,-0.6
2lzm,A,1l21,A,164,164,164,164,N55G,ASN,GLY,55,False,0.6
2lzm,A,1l56,A,164,164,164,164,K60P,LYS,PRO,60,False,0.0
2lzm,A,1l23,A,164,164,164,164,G77A,GLY,ALA,77,True,-0.4
2lzm,A,1l24,A,164,164,164,164,A82P,ALA,PRO,82,True,-0.8
2lzm,A,3c81,A,164,164,164,164,K85A,LYS,ALA,85,False,0.6
2lzm,A,3c83,A,164,164,164,164,D89A,ASP,ALA,89,False,0.5
2lzm,A,3c7y,A,164,164,164,164,R96A,ARG,ALA,96,False,2.0
2lzm,A,3c8q,A,164,164,164,164,R96D,ARG,ASP,96,False,3.5
2lzm,A,3cdv,A,164,164,164,164,R96M,ARG,MET,96,False,2.7
2lzm,A,3c8s,A,164,164,164,164,R96E,ARG,GLU,96,False,2.5
2lzm,A,3c8r,A,164,164,164,164,R96G,ARG,GLY,96,False,2.6
2lzm,A,3cdr,A,164,164,164,164,R96Q,ARG,GLN,96,False,0.3
2lzm,A,3f8v,A,164,164,164,164,R96H,ARG,HIS,96,False,3.1
2lzm,A,3cdt,A,164,164,164,164,R96N,ARG,ASN,96,False,3.0
2lzm,A,3c7w,A,164,164,164,164,R96K,ARG,LYS,96,False,0.0
2lzm,A,3cdq,A,164,164,164,164,R96S,ARG,SER,96,False,2.6
2lzm,A,3c80,A,164,162,164,164,R96Y,ARG,TYR,96,False,4.7
2lzm,A,3cdo,A,164,162,164,164,R96V,ARG,VAL,96,False,2.4
2lzm,A,3fi5,A,164,164,164,164,R96W,ARG,TRP,96,False,4.5
2lzm,A,1l48,A,164,164,164,164,A98V,ALA,VAL,98,False,4.9
2lzm,A,1l00,A,164,164,164,164,Q105A,GLN,ALA,105,False,0.6
2lzm,A,1l98,A,164,164,164,164,Q105E,GLN,GLU,105,False,1.1
2lzm,A,1l99,A,164,164,164,164,Q105G,GLN,GLY,105,False,1.5
2lzm,A,1l60,A,164,164,164,164,G113A,GLY,ALA,113,True,-0.3
2lzm,A,1l37,A,164,164,164,164,T115E,THR,GLU,115,True,-0.3
2lzm,A,1l57,A,164,162,164,164,N116D,ASN,ASP,116,True,-0.6
2lzm,A,1l44,A,164,164,164,164,R119E,ARG,GLU,119,False,0.0
2lzm,A,1l38,A,164,164,164,164,Q123E,GLN,GLU,123,True,-0.4
2lzm,A,1l22,A,164,164,164,164,K124G,LYS,GLY,124,False,0.1
2lzm,A,1l33,A,164,164,164,164,V131A,VAL,ALA,131,True,-0.3
2lzm,A,1dya,A,164,162,164,164,V131D,VAL,ASP,131,True,-0.1
2lzm,A,1dyb,A,164,162,164,164,V131G,VAL,GLY,131,False,0.7
2lzm,A,1dyc,A,164,162,164,164,V131I,VAL,ILE,131,True,-0.2
2lzm,A,1dyd,A,164,162,164,164,V131L,VAL,LEU,131,True,-0.1
2lzm,A,1dye,A,164,162,164,164,V131S,VAL,SER,131,False,0.1
2lzm,A,1dyf,A,164,162,164,164,V131M,VAL,MET,131,True,-0.1
2lzm,A,1dyg,A,164,162,164,164,V131E,VAL,GLU,131,True,-0.2
2lzm,A,1l69,A,164,162,164,164,L133A,LEU,ALA,133,False,4.2
2lzm,A,1l45,A,164,164,164,164,K135E,LYS,GLU,135,False,1.0
2lzm,A,1l20,A,164,164,164,164,N144D,ASN,ASP,144,True,-0.4
2lzm,A,1l46,A,164,164,164,164,K147E,LYS,GLU,147,False,0.7
2lzm,A,1l53,A,164,164,164,164,V149C,VAL,CYS,149,False,2.2
2lzm,A,1l52,A,164,164,164,164,T152S,THR,SER,152,False,2.6
2lzm,A,1l47,A,164,164,164,164,R154E,ARG,GLU,154,False,1.1
2lzm,A,1l16,A,164,164,164,164,G156D,GLY,ASP,156,False,2.3
2lzm,A,1l02,A,164,164,164,164,T157A,THR,ALA,157,False,0.5
2lzm,A,1l03,A,164,164,164,164,T157C,THR,CYS,157,False,1.3
2lzm,A,1l04,A,164,164,164,164,T157D,THR,ASP,157,False,1.1
2lzm,A,1l06,A,164,164,164,164,T157E,THR,GLU,157,False,0.8
2lzm,A,1l07,A,164,164,164,164,T157F,THR,PHE,157,False,2.4
2lzm,A,1l08,A,164,164,164,164,T157G,THR,GLY,157,False,1.1
2lzm,A,1l09,A,164,164,164,164,T157H,THR,HIS,157,False,2.1
2lzm,A,1l10,A,164,164,164,164,T157I,THR,ILE,157,False,1.5
2lzm,A,1l11,A,164,164,164,164,T157L,THR,LEU,157,False,1.7
2lzm,A,1l12,A,164,164,164,164,T157N,THR,ASN,157,False,1.2
2lzm,A,1l13,A,164,164,164,164,T157R,THR,ARG,157,True,-0.3
2lzm,A,1l14,A,164,164,164,164,T157S,THR,SER,157,False,0.7
2lzm,A,1l15,A,164,164,164,164,T157V,THR,VAL,157,False,1.2
2rn2,A,1rda,A,155,155,155,155,D10N,ASP,ASN,10,True,-0.9
2rn2,A,1rdb,A,155,155,155,155,E48Q,GLU,GLN,48,True,-0.2
2rn2,A,3aa5,X,155,153,155,155,A52F,ALA,PHE,52,False,0.5
2rn2,A,3aa2,A,155,153,155,155,A52I,ALA,ILE,52,True,-1.9
2rn2,A,3aa3,A,155,155,155,155,A52L,ALA,LEU,52,True,-1.3
2rn2,A,3aa4,A,155,152,155,155,A52V,ALA,VAL,52,True,-1.7
2rn2,A,1rbs,A,155,155,155,155,H62A,HIS,ALA,62,True,-0.4
2rn2,A,1rbr,A,155,155,155,155,H62P,HIS,PRO,62,True,-1.1
2rn2,A,1rdc,A,155,155,155,155,D70N,ASP,ASN,70,True,-0.9
2rn2,A,1lav,A,155,155,155,155,V74L,VAL,LEU,74,True,-1.0
2rn2,A,1law,A,155,155,155,155,V74I,VAL,ILE,74,True,-0.6
2rn2,A,1gob,A,155,155,155,155,G77A,GLY,ALA,77,False,0.9
2rn2,A,1rbv,A,155,155,155,155,K95A,LYS,ALA,95,True,-0.1
2rn2,A,1rbt,A,155,155,155,155,K95G,LYS,GLY,95,True,-1.9
2rn2,A,1rbu,A,155,155,155,155,K95N,LYS,ASN,95,True,-0.9
2rn2,A,1kva,A,155,155,155,155,D134A,ASP,ALA,134,True,-2.1
2rn2,A,1kvb,A,155,155,155,155,D134H,ASP,HIS,134,True,-2.3
2rn2,A,1kvc,A,155,155,155,155,D134N,ASP,ASN,134,True,-1.0
4lyz,A,1ios,A,129,129,129,129,M12F,MET,PHE,12,True,-0.5
4lyz,A,1iot,A,129,129,129,129,M12L,MET,LEU,12,False,0.4
4lyz,A,1her,A,129,129,129,129,T40S,THR,SER,40,False,0.3
4lyz,A,1fn5,A,129,129,129,129,G49A,GLY,ALA,49,False,0.7
4lyz,A,1heo,A,129,129,129,129,I55V,ILE,VAL,55,False,0.9
4lyz,A,1ir8,A,129,129,129,129,I58M,ILE,MET,58,False,1.2
4lyz,A,1flu,A,129,129,129,129,G67A,GLY,ALA,67,False,0.5
4lyz,A,1flw,A,129,129,129,129,G71A,GLY,ALA,71,False,2.1
4lyz,A,1ir7,A,129,129,129,129,I78M,ILE,MET,78,False,0.9
4lyz,A,1lsn,A,129,129,129,129,S91A,SER,ALA,91,False,0.2
4lyz,A,1hem,A,129,129,129,129,S91T,SER,THR,91,True,-1.0
4lyz,A,1ir9,A,129,129,129,129,I98M,ILE,MET,98,False,0.9
4lyz,A,1fly,A,129,129,129,129,G102A,GLY,ALA,102,False,1.2
4lyz,A,1flq,A,129,129,129,129,G117A,GLY,ALA,117,False,0.8
5pti,A,1bti,A,58,58,58,58,F22A,PHE,ALA,22,False,1.2
5pti,A,1bpt,A,58,56,58,58,Y23A,TYR,ALA,23,False,5.9
5pti,A,8pti,A,58,58,58,58,Y35G,TYR,GLY,35,False,5.0
5pti,A,1nag,A,58,56,58,58,N43G,ASN,GLY,43,False,5.7
5pti,A,1fan,A,58,58,58,58,F45A,PHE,ALA,45,False,6.9
